index, RSS
0, 0.037648083082459885
1, 0.037648083082459885
2, 0.037648083082459885
3, 0.037648083082459885
4, 0.037648083082459885
5, 0.037648083082459885
6, 0.037648083082459885
7, 0.037648083082459885
8, 0.037648083082459885
9, 0.037648083082459885
