index, RSS
7, 1.2606318516697497
9, 1.260764156392173
0, 1.261510967146198
3, 1.26166747498522
2, 1.2622031236861033
4, 1.2623084881951534
5, 1.2642037722700592
1, 1.2654387378120908
6, 1.2654716994458763
8, 1.270215669359231
