,A_wb_DVT0_cellLineA,A_wb_DVT0_cellLineB,Ap_wb_DVT0_cellLineA,Ap_wb_DVT0_cellLineB,B_wb_DVT0_cellLineA,B_wb_DVT0_cellLineB,Bp_wb_DVT0_cellLineA,Bp_wb_DVT0_cellLineB,A_wb_DVT1_cellLineA,A_wb_DVT1_cellLineB,Ap_wb_DVT1_cellLineA,Ap_wb_DVT1_cellLineB,B_wb_DVT1_cellLineA,B_wb_DVT1_cellLineB,Bp_wb_DVT1_cellLineA,Bp_wb_DVT1_cellLineB,A_wb_DVT2_cellLineA,A_wb_DVT2_cellLineB,Ap_wb_DVT2_cellLineA,Ap_wb_DVT2_cellLineB,B_wb_DVT2_cellLineA,B_wb_DVT2_cellLineB,Bp_wb_DVT2_cellLineA,Bp_wb_DVT2_cellLineB,A_wb_DVT3_cellLineA,A_wb_DVT3_cellLineB,Ap_wb_DVT3_cellLineA,Ap_wb_DVT3_cellLineB,B_wb_DVT3_cellLineA,B_wb_DVT3_cellLineB,Bp_wb_DVT3_cellLineA,Bp_wb_DVT3_cellLineB,A_wb_DVT4_cellLineA,A_wb_DVT4_cellLineB,Ap_wb_DVT4_cellLineA,Ap_wb_DVT4_cellLineB,B_wb_DVT4_cellLineA,B_wb_DVT4_cellLineB,Bp_wb_DVT4_cellLineA,Bp_wb_DVT4_cellLineB,A_wb_DVT5_cellLineA,A_wb_DVT5_cellLineB,Ap_wb_DVT5_cellLineA,Ap_wb_DVT5_cellLineB,B_wb_DVT5_cellLineA,B_wb_DVT5_cellLineB,Bp_wb_DVT5_cellLineA,Bp_wb_DVT5_cellLineB,Time
0,0.8000000000000002,1.2000000000000004,0.782698013700668,0.782698013700668,0.6666666666666667,1.3333333333333335,0.6049800279231957,1.2099600558463914,0.8000000000000002,1.2000000000000004,0.9605336620441284,1.0786718815964251,0.6666666666666667,1.3333333333333335,0.6296839527595753,1.2953637197466934,0.8000000000000002,1.2000000000000004,1.0024592581997012,1.1052126031459586,0.6666666666666667,1.3333333333333335,0.6570984201731217,1.3690478273359612,0.8000000000000002,1.2000000000000004,1.0073790187622242,1.095319792845451,0.6666666666666667,1.333333333333333,0.671207927666271,1.3966285679057713,0.8000000000000002,1.2000000000000004,1.0055453727036194,1.0889554213470103,0.6666666666666667,1.3333333333333335,0.6768552452120601,1.4043465908868156,0.8000000000000002,1.2000000000000004,1.003828586902762,1.0866983750513846,0.6666666666666667,1.3333333333333337,0.6787725500850521,1.406055114459093,222.0
