index, RSS
4, 2.2550394555869624
0, 2.2550402306666464
8, 2.255040330957608
3, 2.255041211440774
5, 2.255041563805469
1, 2.25504166908579
7, 2.255041908299645
2, 2.2550422042062994
6, 2.2550427792074754
9, 2.2550429454054943
