index, RSS
6, 2.055769944577264
7, 2.0626139806688704
4, 2.0699970419316287
3, 2.070493180401756
9, 2.076518348753626
1, 8.865407028340993
2, 9.036271892952806
5, 9.498761909873224
0, 29.560457333212835
